,id,name,has_image,Unnamed: 3,Unnamed: 4,Unnamed: 5,Unnamed: 6
0,1,Acadia National Park,True,,,,
1,2,Albany,True,,,,
2,3,Albuquerque,True,,,,
3,4,Ames,False,,,,
4,5,Ann Arbor,True,,,,
5,6,Annapolis,True,,,,
6,7,Appleton,True,,,,
7,8,Asbury Park,True,,,,
8,9,Asheville,True,,,,
9,10,Aspen,True,,,,
10,11,Astoria,True,,,,
11,12,Atlanta,True,,,,
12,13,Augusta,True,,,,
13,14,Austin,True,,,,
14,15,Baltimore,True,,,,
15,16,Banff National Park,True,,,,
16,17,Bangor,True,,,,
17,18,Bar Harbor,True,,,,
18,19,Baton Rouge,True,,,,
19,20,Bellingham,False,,,,
20,21,Bend,True,,,,
21,22,Berkeley,True,,,,
22,23,Billings,True,,,,
23,24,Biloxi,True,,,,
24,25,Bismarck,True,,,,
25,26,Black Canyon of the Gunnison National Park,True,,,,
26,27,Boise,True,,,,
27,28,Boston,True,,,,
28,29,Boulder,True,,,,
29,30,Bozeman,True,,,,
30,31,Breckenridge,False,,,,
31,32,Bryce Canyon National Park,True,,,,
32,33,Buffalo,True,,,,
33,34,Burlington,True,,,,
34,35,Calgary,True,,,,
35,36,Cambridge,True,,,,
36,37,Cannon Beach,True,,,,
37,38,Cape Coral,True,,,,
38,39,Capri,True,,,,
39,40,Carmel-By-The-Sea,True,,,,
40,41,Carson City,True,,,,
41,42,Cedar Rapids,True,,,,
42,43,Centralia,True,,,,
43,44,Charleston,True,,,,
44,45,Charleston,True,,,,
45,46,Charlotte,True,,,,
46,47,Chesapeake,True,,,,
47,48,Cheyenne,True,,,,
48,49,Chicago,True,,,,
49,50,Cincinnati,True,,,,
50,52,Coeur d'Alene,True,,,,
51,53,Colorado Springs,True,,,,
52,54,Columbia,True,,,,
53,55,Columbia,True,,,,
54,56,Columbus,True,,,,
55,57,Concord,True,,,,
56,58,Cortez,True,,,,
57,59,Costa Mesa,True,,,,
58,60,Covington,True,,,,
59,61,Coyoacán,True,,,,
60,62,Crater Lake National Park,True,,,,
61,63,Dallas,True,,,,
62,64,Davenport,True,,,,
63,65,Dayton,True,,,,
64,66,Death Valley National Park,True,,,,
65,67,Denver,True,,,,
66,68,Des Moines,True,,,,
67,69,Detroit,True,,,,
68,70,Dillon,True,,,,
69,71,Door County,True,,,,
70,72,Dover,True,,,,
71,74,Dubuque,True,,,,
72,75,Duluth,True,,,,
73,76,Durham,True,,,,
74,77,Edmonton,True,,,,
75,78,Elk Island National Park,True,,,,
76,79,Emerald Lake,True,,,,
77,80,Estes Park,True,,,,
78,81,Eugene,True,,,,
79,82,Eureka,True,,,,
80,83,Fargo,True,,,,
81,84,Fort Lauderdale,True,,,,
82,85,Fort Worth,True,,,,
83,86,Frankfort,True,,,,
84,87,Fredericton,True,,,,
85,88,Galveston,True,,,,
86,89,Glacier National Park,True,,,,
87,90,Glenwood Springs,True,,,,
88,91,Golden,True,,,,
89,92,Grand Rapids,True,,,,
90,93,Green Bay,True,,,,
91,94,Greenville,True,,,,
92,95,Guadalajara,True,,,,
93,96,Hakodate,True,,,,
94,97,Hamilton,True,,,,
95,98,Hamilton,True,,,,
96,99,Hampton,True,,,,
97,100,Harrisburg,True,,,,
98,101,Hartford,True,,,,
99,102,Helena,True,,,,
100,103,Honolulu,True,,,,
101,104,Horseshoe Bend,True,,,,
102,105,Houston,True,,,,
103,106,Indianapolis,True,,,,
104,107,Iowa City,True,,,,
105,108,Island Park,True,,,,
106,109,Jackson,True,,,,
107,110,Jasper National Park,True,,,,
108,111,Jefferson City,True,,,,
109,112,Jōzankei,True,,,,
110,113,Juneau,True,,,,
111,114,Kalama,True,,,,
112,115,Kalamazoo,True,,,,
113,116,Kansas City,True,,,,
114,117,Kelowna,True,,,,
115,118,Klamath Falls,True,,,,
116,119,La Malbaie,True,,,,
117,120,Lake Louise,True,,,,
118,121,Lake Tahoe,True,,,,
119,122,Lansing,True,,,,
120,123,Las Vegas,True,,,,
121,124,Lexington,True,,,,
122,125,Lincoln,True,,,,
123,126,Lisbon,True,,,,
124,127,Little Rock,True,,,,
125,128,London,True,,,,
126,129,Los Angeles,True,,,,
127,130,Louisville,True,,,,
128,131,Lubbock,True,,,,
129,132,Madison,True,,,,
130,133,Medicine Hat,True,,,,
131,134,Memphis,True,,,,
132,135,Mesa Verde National Park,True,,,,
133,136,Mexico City,True,,,,
134,137,Miami,True,,,,
135,138,Milwaukee,True,,,,
136,139,Minneapolis/St. Paul,True,,,,
137,140,Mississauga,True,,,,
138,141,Missoula,False,,,,
139,142,Mobile,True,,,,
140,143,Monterey,True,,,,
141,144,Monterrey,True,,,,
142,145,Montgomery,True,,,,
143,146,Montpelier,True,,,,
144,147,Montreal,True,,,,
145,148,Montrose,True,,,,
146,149,Monument Valley,True,,,,
147,150,Moose Jaw,True,,,,
148,151,Mt. Rushmore,True,,,,
149,152,Nanaimo,True,,,,
150,153,Napa,True,,,,
151,154,Naples,True,,,,
152,155,Nashville,True,,,,
153,156,Nassau,True,,,,
154,157,New Bedford,True,,,,
155,158,New York,True,,,,
156,159,Newark,True,,,,
157,160,Newport,True,,,,
158,161,Newport News,True,,,,
159,162,Niagara Falls,True,,,,
160,163,Niagara-on-the-Lake,False,,,,
161,164,Norfolk,True,,,,
162,165,Nosara,True,,,,
163,166,Oklahoma City,True,,,,
164,167,Olympia,True,,,,
165,168,Olympic National Park,True,,,,
166,169,Omaha,True,,,,
167,170,Oregon Coast/Lincoln City,True,,,,
168,171,Orlando,True,,,,
169,172,Oshkosh,True,,,,
170,173,Otaru,True,,,,
171,174,Ottawa,True,,,,
172,175,Palm Springs,True,,,,
173,176,Park City,True,,,,
174,177,Peachland,True,,,,
175,178,Pendleton,True,,,,
176,179,Pensacola,True,,,,
177,180,Philadelphia,True,,,,
178,181,Phoenix,True,,,,
179,182,Pierre,True,,,,
180,183,Pittsburgh,True,,,,
181,184,Port Angeles,True,,,,
182,185,Port Huron,True,,,,
183,186,Portland,True,,,,
184,187,Portland,True,,,,
185,188,Porto,True,,,,
186,189,Portsmouth,True,,,,
187,190,Providence,True,,,,
188,191,Provincetown,True,,,,
189,192,Quebec City,True,,,,
190,193,Raleigh,True,,,,
191,194,Redwood National Park,True,,,,
192,195,Regina,True,,,,
193,196,Reno,True,,,,
194,197,Revelstoke,False,,,,
195,198,Richmond,True,,,,
196,199,Roanoke,True,,,,
197,200,Rochester,True,,,,
198,201,Rocky Mountain National Park,True,,,,
199,202,Rome,True,,,,
200,203,Sacramento,True,,,,
201,204,Saint John,True,,,,
202,205,Salem,True,,,,
203,206,Salt Lake City,True,,,,
204,207,San Diego,True,,,,
205,208,San Francisco,True,,,,
206,209,San Jose,True,,,,
207,210,Santa Cruz,True,,,,
208,211,Santa Fe,True,,,,
209,212,Sapporo,True,,,,
210,213,Saugatuck,True,,,,
211,214,Sausalito,True,,,,
212,215,Schenectady,True,,,,
213,216,Seattle,True,,,,
214,217,Sharon,True,,,,
215,218,Sheboygan,True,,,,
216,219,Sioux City,False,,,,
217,220,Sioux Falls,True,,,,
218,221,Sitka,True,,,,
219,222,Skagway,True,,,,
220,223,Snohomish,True,,,,
221,224,Sonoma,True,,,,
222,225,Sorrento,True,,,,
223,226,South Orange,True,,,,
224,227,Spokane,True,,,,
225,228,Springfield,True,,,,
226,229,Squamish,True,,,,
227,230,St. Catharines,False,,,,
228,231,St. Louis,True,,,,
229,234,Sturgeon Bay,True,,,,
230,235,Suffolk,False,,,,
231,236,Syracuse,True,,,,
232,237,Tacoma,True,,,,
233,238,Tallahassee,True,,,,
234,239,Tamarindo,True,,,,
235,240,Tampa,True,,,,
236,241,Telluride,True,,,,
237,242,The Dalles,True,,,,
238,243,Tillamook,True,,,,
239,244,Tokyo,True,,,,
240,245,Toledo,True,,,,
241,246,Topeka,True,,,,
242,247,Toronto,True,,,,
243,248,Trenton,True,,,,
244,249,Trois-Rivières,True,,,,
245,250,Tulsa,True,,,,
246,251,Ukiah,True,,,,
247,252,Vail,True,,,,
248,253,Vancouver,True,,,,
249,254,Victoria,True,,,,
250,255,Virginia Beach,True,,,,
251,256,Virginia City,True,,,,
252,257,Waco,True,,,,
253,258,Washington D.C.,True,,,,
254,259,Waterton Park,True,,,,
255,260,Whistler,True,,,,
256,261,Willamette Valley,True,,,,
257,262,Williamsburg,False,,,,
258,263,Wilmington,False,,,,
259,264,Windsor,True,,,,
260,265,Winnipeg,True,,,,
261,266,Winter Park,True,,,,
262,267,Yellowstone National Park,True,,,,
263,268,Yosemite National Park,True,,,,
264,269,Zion National Park,True,,,,
265,270,Wheeling,True,,,,
266,271,Newport,True,,,,
267,276,Gateway Arch National Park,True,,,,
268,277,Chipinque A.B.P. Ecological Park,True,,,,
269,73,Drumheller,True,,,,
270,278,Cleveland,True,,,,
271,279,Put-In Bay,True,,,,
272,280,Perry's Victory & International Peace Memorial,True,,,,
273,281,Cuyahoga Valley National Park,True,,,,
274,282,Akron,True,,,,
275,283,Dr. Bob’s House,True,,,,
276,232,St. Petersburg,True,,,,
277,284,Halifax,True,,,,
278,285,Dartmouth,True,,,,
279,286,North Sydney,True,,,,
280,287,St. John's,True,,,,
281,288,Signal Hill National Historic Site,True,,,,
282,289,Cape Spear,True,,,,
283,290,Petty Harbour,True,,,,
284,291,Witless Bay,True,,,,
285,292,Dildo,True,,,,
286,293,Argentia,True,,,,
287,294,Charlottetown,True,,,,
288,295,Moncton,True,,,,
289,296,Boucherville,True,,,,
290,297,Brossard,True,,,,
291,298,Gatineau,True,,,,
292,299,Erie,True,,,,
293,300,Fallingwater,True,,,,
294,301,Kentuck Knob,True,,,,
295,302,Youngstown,True,,,,
296,303,Canton,True,,,,
297,304,Dover,True,,,,
298,305,World's Biggest Basket,True,,,,
299,306,Samara - The John & Catherine Christian House,True,,,,
300,307,Lafayette,True,,,,
301,308,City/County Building of Indianapolis,True,,,,
302,309,The City Of Pittsburgh City Hall,True,,,,
